{
    "9.9.15-28060": {
        "appid": 537246092,
        "qua": "V1_WIN_NQ_9.9.15_28060_GW_B"
    },
    "9.9.15-28131": {
        "appid": 537246092,
        "qua": "V1_WIN_NQ_9.9.15_28131_GW_B"
    },
    "3.2.12-28060": {
        "appid": 537246140,
        "qua": "V1_LNX_NQ_3.2.12_28060_GW_B"
    },
    "3.2.12-28131": {
        "appid": 537246140,
        "qua": "V1_LNX_NQ_3.2.12_28131_GW_B"
    },
    "6.9.55-28131": {
        "appid": 537246115,
        "qua": "V1_MAC_NQ_6.9.55_28131_GW_B"
    },
    "9.9.15-28327": {
        "appid": 537249321,
        "qua": "V1_WIN_NQ_9.9.15_28327_GW_B"
    },
    "3.2.12-28327": {
        "appid": 537249393,
        "qua": "V1_LNX_NQ_3.2.12_28327_GW_B"
    },
    "9.9.15-28418": {
        "appid": 537249321,
        "qua": "V1_WIN_NQ_9.9.15_28418_GW_B"
    },
    "3.2.12-28418": {
        "appid": 537249393,
        "qua": "V1_LNX_NQ_3.2.12_28418_GW_B"
    },
    "6.9.56-28418": {
        "appid": 537249367,
        "qua": "V1_MAC_NQ_6.9.56_28418_GW_B"
    },
    "9.9.15-28498": {
        "appid": 537249321,
        "qua": "V1_WIN_NQ_9.9.15_28498_GW_B"
    },
    "3.2.13-28788": {
        "appid": 537249787,
        "qua": "V1_LNX_NQ_3.2.13_28788_GW_B"
    },
    "9.9.16-28788": {
        "appid": 537249739,
        "qua": "V1_WIN_NQ_9.9.16_28788_GW_B"
    },
    "9.9.16-28971": {
        "appid": 537249775,
        "qua": "V1_WIN_NQ_9.9.16_28971_GW_B"
    },
    "3.2.13-28971": {
        "appid": 537249848,
        "qua": "V1_LNX_NQ_3.2.13_28971_GW_B"
    },
    "6.9.58-28971": {
        "appid": 537249826,
        "qua": "V1_MAC_NQ_6.9.58_28971_GW_B"
    },
    "9.9.16-29271": {
        "appid": 537249813,
        "qua": "V1_WIN_NQ_9.9.16_29271_GW_B"
    },
    "3.2.13-29271": {
        "appid": 537249913,
        "qua": "V1_LNX_NQ_3.2.13_29271_GW_B"
    },
    "6.9.59-29271": {
        "appid": 537249863,
        "qua": "V1_MAC_NQ_6.9.59_29271_GW_B"
    },
    "9.9.16-29456": {
        "appid": 537249875,
        "qua": "V1_WIN_NQ_9.9.16_29456_GW_B"
    },
    "3.2.13-29456": {
        "appid": 537249996,
        "qua": "V1_LNX_NQ_3.2.13_29456_GW_B"
    },
    "6.9.59-29456": {
        "appid": 537249961,
        "qua": "V1_MAC_NQ_6.9.59_29456_GW_B"
    },
    "9.9.16-29927": {
        "appid": 537255812,
        "qua": "V1_WIN_NQ_9.9.16_29927_GW_B"
    },
    "3.2.13-29927": {
        "appid": 537255847,
        "qua": "V1_LNX_NQ_3.2.13_29927_GW_B"
    },
    "6.9.61-29927": {
        "appid": 537255836,
        "qua": "V1_MAC_NQ_6.9.61_29927_GW_B"
    },
    "9.9.17-30366": {
        "appid": 537258389,
        "qua": "V1_WIN_NQ_9.9.17_30366_GW_B"
    },
    "3.2.15-30366": {
        "appid": 537258413,
        "qua": "V1_LNX_NQ_3.2.15_30366_GW_B"
    },
    "6.9.62-30366": {
        "appid": 537258401,
        "qua": "V1_MAC_NQ_6.9.62_30366_GW_B"
    },
    "9.9.17-30483": {
        "appid": 537258439,
        "qua": "V1_WIN_NQ_9.9.17_30483_GW_B"
    },
    "6.9.62-30483": {
        "appid": 537258463,
        "qua": "V1_MAC_NQ_6.9.62_30483_GW_B"
    },
    "3.2.15-30483": {
        "appid": 537258474,
        "qua": "V1_LNX_NQ_3.2.15_30483_GW_B"
    },
    "9.9.17-30594": {
        "appid": 537258439,
        "qua": "V1_WIN_NQ_9.9.17_30594_GW_B"
    },
    "6.9.62-30594": {
        "appid": 537258463,
        "qua": "V1_MAC_NQ_6.9.62_30594_GW_B"
    },
    "3.2.15-30594": {
        "appid": 537258474,
        "qua": "V1_LNX_NQ_3.2.15_30594_GW_B"
    },
    "9.9.17-30851": {
        "appid": 537263796,
        "qua": "V1_WIN_NQ_9.9.17_30851_GW_B"
    },
    "3.2.15-30851": {
        "appid": 537263831,
        "qua": "V1_LNX_NQ_3.2.15_30851_GW_B"
    },
    "6.9.63-30851": {
        "appid": 537263820,
        "qua": "V1_MAC_NQ_6.9.63_30851_GW_B"
    },
    "9.9.17-30899": {
        "appid": 537263796,
        "qua": "V1_WIN_NQ_9.9.17_30899_GW_B"
    },
    "3.2.15-30899": {
        "appid": 537263831,
        "qua": "V1_LNX_NQ_3.2.15_30899_GW_B"
    },
    "6.9.63-30899": {
        "appid": 537263820,
        "qua": "V1_MAC_NQ_6.9.63_30899_GW_B"
    },
    "9.9.17-31219": {
        "appid": 537266450,
        "qua": "V1_WIN_NQ_9.9.17_31219_GW_B"
    },
    "9.9.17-31245": {
        "appid": 537266450,
        "qua": "V1_WIN_NQ_9.9.17_31245_GW_B"
    },
    "3.2.15-31245": {
        "appid": 537266485,
        "qua": "V1_LNX_NQ_3.2.15_31245_GW_B"
    },
    "6.9.63-31245": {
        "appid": 537266474,
        "qua": "V1_MAC_NQ_6.9.63_31245_GW_B"
    },
    "3.2.15-31363": {
        "appid": 537266535,
        "qua": "V1_LNX_NQ_3.2.15_31363_GW_B"
    },
    "6.9.65-31363": {
        "appid": 537266524,
        "qua": "V1_MAC_NQ_6.9.65_31363_GW_B"
    },
    "9.9.17-31363": {
        "appid": 537266500,
        "qua": "V1_WIN_NQ_9.9.17_31363_GW_B"
    }
}
