{
    "3.2.12-28418-x64": {
        "recv": "A0723E0",
        "send": "A06EAE0"
    },
    "9.9.15-28418-x64": {
        "recv": "37A9004",
        "send": "37A4BD0"
    },
    "6.9.56-28418-x64": {
        "send": "4471360",
        "recv": "4473BCC"
    },
    "6.9.56-28418-arm64": {
        "send": "3FBDBF8",
        "recv": "3FC0410"
    },
    "9.9.15-28498-x64": {
        "recv": "37A9004",
        "send": "37A4BD0"
    },
    "9.9.16-28788-x64": {
        "send": "38076D0",
        "recv": "380BB04"
    },
    "3.2.13-28788-x64": {
        "send": "A0CEC20",
        "recv": "A0D2520"
    },
    "3.2.13-28788-arm64": {
        "send": "6E91018",
        "recv": "6E94850"
    },
    "9.9.16-28971-x64": {
        "send": "38079F0",
        "recv": "380BE24"
    },
    "3.2.13-28971-x64": {
        "send": "A0CEF60",
        "recv": "A0D2860"
    },
    "3.2.12-28971-arm64": {
        "send": "6E91318",
        "recv": "6E94B50"
    },
    "6.9.58-28971-x64": {
        "send": "449ACA0",
        "recv": "449D50C"
    },
    "6.9.58-28971-arm64": {
        "send": "3FE0DB0",
        "recv": "3FE35C8"
    },
    "9.9.16-29271-x64": {
        "send": "3833510",
        "recv": "3837944"
    },
    "3.2.13-29271-x64": {
        "send": "A11E680",
        "recv": "A121F80"
    },
    "3.2.13-29271-arm64": {
        "send": "6ECA098",
        "recv": "6ECD8D0"
    },
    "9.9.16-29456-x64": {
        "send": "3835CD0",
        "recv": "383A104"
    },
    "3.2.13-29456-x64": {
        "send": "A11E820",
        "recv": "A122120"
    },
    "3.2.13-29456-arm64": {
        "send": "6ECA130",
        "recv": "6ECD968"
    },
    "6.9.59-29456-x64": {
        "send": "44C57A0",
        "recv": "44C800C"
    },
    "6.9.59-29456-arm64": {
        "send": "4005FE8",
        "recv": "4008800"
    },
    "9.9.16-29927-x64": {
        "send": "3869C50",
        "recv": "386E084"
    },
    "3.2.13-29927-x64": {
        "send": "A1913A0",
        "recv": "A194CA0"
    },
    "3.2.13-29927-arm64": {
        "send": "6F1C7E0",
        "recv": "6F20018"
    },
    "6.9.61-29927-x64": {
        "send": "44FCC60",
        "recv": "44FF4CC"
    },
    "6.9.61-29927-arm64": {
        "send": "4038740",
        "recv": "403AF58"
    },
    "9.9.17-30366-x64": {
        "send": "39AB0B0",
        "recv": "39AF4E4"
    },
    "3.2.15-30366-x64": {
        "send": "A402380",
        "recv": "A405C80"
    },
    "3.2.15-30366-arm64": {
        "send": "70C3FA8",
        "recv": "70C77E0"
    },
    "6.9.62-30366-x64": {
        "send": "4669760",
        "recv": "466BFCC"
    },
    "6.9.62-30366-arm64": {
        "send": "4189770",
        "recv": "418BF88"
    },
    "9.9.17-30483-x64": {
        "send": "39AC1B0",
        "recv": "39B05E4"
    },
    "6.9.62-30483-arm64": {
        "send": "41896B0",
        "recv": "418bec8"
    },
    "6.9.62-30483-x64": {
        "send": "4669460",
        "recv": "466BCCC"
    },
    "3.2.15-30483-x64": {
        "send": "A402540",
        "recv": "A405E40"
    },
    "3.2.15-30483-arm64": {
        "send": "70C40E8",
        "recv": "70C7920"
    },
    "9.9.17-30594-x64": {
        "send": "39AC1B0",
        "recv": "39B05E4"
    },
    "6.9.62-30594-arm64": {
        "send": "41896B0",
        "recv": "418bec8"
    },
    "6.9.62-30594-x64": {
        "send": "4669460",
        "recv": "466BCCC"
    },
    "3.2.15-30594-x64": {
        "send": "A402540",
        "recv": "A405E40"
    },
    "3.2.15-30594-arm64": {
        "send": "70C40E8",
        "recv": "70C7920"
    },
    "9.9.17-30851-x64": {
        "send": "395C150",
        "recv": "3960584"
    },
    "3.2.15-30851-x64": {
        "send": "A4A03E0",
        "recv": "A4A3CE0"
    },
    "3.2.15-30851-arm64": {
        "send": "713A318",
        "recv": "713DB50"
    },
    "6.9.63-30851-x64": {
        "send": "46C8040",
        "recv": "46CA8AC"
    },
    "6.9.63-30851-arm64": {
        "send": "41DCBD8",
        "recv": "41DF3F0"
    },
    "9.9.17-30899-x64": {
        "send": "395C150",
        "recv": "3960584"
    },
    "3.2.15-30899-x64": {
        "send": "A4A03E0",
        "recv": "A4A3CE0"
    },
    "3.2.15-30899-arm64": {
        "send": "713A318",
        "recv": "713DB50"
    },
    "6.9.63-30899-x64": {
        "send": "46C8040",
        "recv": "46CA8AC"
    },
    "6.9.63-30899-arm64": {
        "send": "41DCBD8",
        "recv": "41DF3F0"
    },
    "9.9.17-31219-x64": {
        "send": "39C1350",
        "recv": "39C5784"
    },
    "9.9.17-31245-x64": {
        "send": "39C1350",
        "recv": "39C5784"
    },
    "6.9.63-31245-x64": {
        "send": "4720A40",
        "recv": "47232AC"
    },
    "6.9.63-31245-arm64": {
        "send": "41DCBD8",
        "recv": "422D4E8"
    },
    "3.2.15-31245-x64": {
        "send": "A550F80",
        "recv": "A554880"
    },
    "3.2.15-31245-arm64": {
        "send": "71BEBB8",
        "recv": "71C23F0"
    },
    "9.9.17-31363-x64": {
        "send": "39C1910",
        "recv": "39C5d44"
    },
    "3.2.15-31363-x64": {
        "send": "A554500",
        "recv": "A557E00"
    },
    "3.2.15-31363-arm64": {
        "send": "71BFD48",
        "recv": "71C3580"
    },
    "6.9.65-31363-x64": {
        "send": "4720E80",
        "recv": "47236EC"
    },
    "6.9.65-31363-arm64": {
        "send": "422CEF8",
        "recv": "422F710"
    }
}
