{
  "name": "qq-chat",
  "version": "9.9.17-30899",
  "verHash": "ececf273",
  "linuxVersion": "3.2.15-30899",
  "linuxVerHash": "63c751e8",
  "type": "module",
  "private": true,
  "description": "QQ",
  "productName": "QQ",
  "author": {
    "name": "Tencent",
    "email": "QQ-Team@tencent.com"
  },
  "homepage": "https://im.qq.com",
  "sideEffects": true,
  "bin": {
    "qd": "externals/devtools/cli/index.js"
  },
  "main": "./loadNapCat.js",
  "buildVersion": "30899",
  "isPureShell": true,
  "isByteCodeShell": true,
  "platform": "win32",
  "eleArch": "x64"
}
